128,130,bugatti,Bugatti,French
129,131,mercedes,Mercedes,German
130,132,lancia,Lancia,Italian
131,133,hwm,HWM,British
132,134,schroeder,Schroeder,American
133,135,pawl,Pawl,American
134,136,pankratz,Pankratz,American
135,137,arzani-volpini,Arzani-Volpini,Italian
136,138,nichels,Nichels,American
137,139,bromme,Bromme,American
138,140,klenk,Klenk,German
139,141,simca,Simca,French
140,142,turner,Turner,American
141,143,del_roy,Del_Roy,American
142,144,veritas,Veritas,German
143,145,bmw,BMW,German
144,146,emw,EMW,East_German
145,147,afm,AFM,German
146,148,frazer_nash,Frazer_Nash,British
147,149,sherman,Sherman,American
148,150,deidt,Deidt,American
149,151,era,ERA,British
150,152,butterworth,Aston_Butterworth,British
151,153,cisitalia,Cisitalia,Italian
152,154,lago,Talbot-Lago,French
153,155,hall,Hall,American
154,156,marchese,Marchese,American
155,157,langley,Langley,American
156,158,rae,Rae,American
157,159,olson,Olson,American
158,160,wetteroth,Wetteroth,American
159,161,adams,Adams,American
160,162,snowberger,Snowberger,American
161,163,milano,Milano,Italian
162,164,hrt,HRT,Spanish
163,167,cooper-maserati,Cooper-Maserati,British
164,166,virgin,Virgin,British
165,168,cooper-osca,Cooper-OSCA,British
166,169,cooper-borgward,Cooper-Borgward,British
167,170,cooper-climax,Cooper-Climax,British
168,171,cooper-castellotti,Cooper-Castellotti,British
169,172,lotus-climax,Lotus-Climax,British
170,173,lotus-maserati,Lotus-Maserati,British
171,174,de_tomaso-osca,De_Tomaso-Osca,Italian
172,175,de_tomaso-alfa_romeo,De_Tomaso-Alfa_Romeo,Italian
173,176,lotus-brm,Lotus-BRM,British
174,177,lotus-borgward,Lotus-Borgward,British
175,178,cooper-alfa_romeo,Cooper-Alfa_Romeo,British
176,179,de_tomaso-ferrari,De_Tomaso-Ferrari,Italian
177,180,lotus-ford,Lotus-Ford,British
178,181,brabham-brm,Brabham-BRM,British
179,182,brabham-ford,Brabham-Ford,British
180,183,brabham-climax,Brabham-Climax,British
181,184,lds-climax,LDS-Climax,South_African
182,185,lds-alfa_romeo,LDS-Alfa_Romeo,South_African
183,186,cooper-ford,Cooper-Ford,British
184,187,mclaren-ford,McLaren-Ford,British
185,188,mclaren-seren,McLaren-Serenissima,British
186,189,eagle-climax,Eagle-Climax,American
187,190,eagle-weslake,Eagle-Weslake,American
188,191,brabham-repco,Brabham-Repco,British
189,192,cooper-ferrari,Cooper-Ferrari,British
190,193,cooper-ats,Cooper-ATS,British
191,194,mclaren-brm,McLaren-BRM,British
