64,Harper,Foster,HR,63000
65,William,Gomez,Finance,70000
66,Mia,Harrison,Marketing,67000
67,Jack,Bennett,Engineering,79000
68,Emily,Brooks,HR,64000
69,Nicholas,Hernandez,Finance,71000
70,Evelyn,Carter,Marketing,68000
71,Matthew,Reed,Engineering,80000
72,Scarlett,Hall,HR,65000
73,Logan,Watson,Finance,72000
74,Sofia,Ramirez,Marketing,69000
75,Aiden,Wood,Engineering,81000
76,Lily,Price,HR,66000
77,Christopher,Kelly,Finance,73000
78,Ella,Watson,Marketing,70000
79,Joshua,Stewart,Engineering,82000
80,Grace,Perry,HR,67000
81,Lucas,Bell,Finance,74000
82,Hannah,Gutierrez,Marketing,71000
83,Samuel,James,Engineering,83000
84,Addison,Hughes,HR,68000
85,David,Hill,Finance,75000
86,Eleanor,Parker,Marketing,72000
87,Lincoln,Flores,Engineering,84000
88,Layla,Morgan,HR,69000
89,John,Brooks,Finance,76000
90,Mila,Wright,Marketing,73000
91,James,Green,Engineering,85000
92,Zoe,Martin,HR,70000
93,Joseph,Hayes,Finance,77000
94,Stella,Rogers,Marketing,74000
95,Benjamin,Franklin,Engineering,86000
96,Lucy,Richardson,HR,71000
97,Matthew,Russell,Finance,78000
98,Victoria,Gonzalez,Marketing,75000
99,Samuel,Wilson,Engineering,87000
100,Chloe,Kelly,HR,72000
101,William,Smith,Engineering,88000
102,Ella,Jones,HR,73000
103,Aiden,Hernandez,Finance,79000
104,Isabella,Anderson,Marketing,76000
105,Lincoln,Brown,Engineering,89000
106,Scarlett,Garcia,HR,74000
107,Alexander,Morris,Finance,80000
108,Ava,Walker,Marketing,77000
109,Oliver,Cruz,Engineering,90000
110,Emily,Perez,HR,75000
111,Liam,White,Finance,81000
112,Abigail,King,Marketing,78000
113,Lucas,Taylor,Engineering,91000
114,Harper,Ramirez,HR,76000
115,Daniel,Martin,Finance,82000
116,Sofia,Thomas,Marketing,79000
117,Michael,Hill,Engineering,92000
118,Grace,Wright,HR,77000
119,Ethan,Kelly,Finance,83000
120,Mia,Hughes,Marketing,80000
121,Logan,Roberts,Engineering,93000
122,Elizabeth,James,HR,78000
123,William,Flores,Finance,84000
124,Avery,Evans,Marketing,81000
125,Olivia,Smith,Engineering,94000
126,Noah,Anderson,HR,79000
127,Liam,Gonzalez,Finance,85000